# col1,col2,col3
7.787658410143283305e-04,9.922115592912175153e-01,6.174815096277165294e-01
6.116531604882808892e-01,7.066305219717405883e-03,2.306242504141575722e-02
5.247746602583891473e-01,3.998609717152554754e-01,4.666566321361542702e-02
9.737555188414591667e-01,2.327713404303042299e-01,9.060643453282080095e-02
6.183860093330872942e-01,3.824619912671627375e-01,9.832308858067881907e-01
